agent,n,seed,value_err_rmse,policy_err_l1,premium_vs_twap,premium_ci_low,premium_ci_high,clearance_prob,wall_clock_sec,kappa_hat
A_tabular,100,0,0.06332890572228259,0.016057819927170078,0.051123802456394404,0.027364660045909768,0.07403882212738105,1.0,0.0015811920166015625,nan
A_tabular,100,1,0.06335894544252903,0.016094047743281464,0.053578186863016984,0.030097750202806604,0.076951275696767,1.0,0.0006029605865478516,nan
A_tabular,100,2,0.06333976890797204,0.016039607636048434,0.040945692760596474,0.017717460129545698,0.06380122972069761,1.0,0.0004229545593261719,nan
A_tabular,100,3,0.06335831293167773,0.016096131076614794,0.038631181120163234,0.014476153868411083,0.061746492981742195,1.0,0.0004980564117431641,nan
A_tabular,100,4,0.06334754946521265,0.016064955085466265,0.05754744245254969,0.03452633801497241,0.0784606802544528,1.0,0.0012080669403076172,nan
A_tabular,100,5,0.06332706639982424,0.016067483608430265,0.04817214793331104,0.026293722292335602,0.0714093580615406,1.0,0.0004930496215820312,nan
A_tabular,100,6,0.06335989102595137,0.016100297743281464,0.04313641414822456,0.019585577076215624,0.06721536190498384,1.0,0.0005297660827636719,nan
A_tabular,100,7,0.06334083714817638,0.0160886122030045,0.043996257354622315,0.022167058823151984,0.06704670778354994,1.0,0.000537872314453125,nan
A_tabular,100,8,0.06335533592110075,0.016089884377968523,0.060650212732557406,0.038543818240264795,0.08396773399677306,1.0,0.0007150173187255859,nan
A_tabular,100,9,0.06334810321937356,0.016058631076614795,0.03691618368535393,0.01399369141282979,0.059912981993270754,1.0,0.00046324729919433594,nan
A_tabular,100,10,0.06335728354564862,0.01607946440994813,0.050995504031101604,0.028420391315725532,0.07453863890809627,1.0,0.0005118846893310547,nan
A_tabular,100,11,0.06335657080610449,0.016078708943719513,0.05499395114645574,0.031933406426985764,0.07884462814968163,1.0,0.0007288455963134766,nan
A_tabular,100,12,0.06335905424440334,0.016100297743281464,0.049315580935348324,0.026854774415587958,0.0712413621185943,1.0,0.0007381439208984375,nan
A_tabular,100,13,0.06334824340931414,0.01609348271799069,0.03446241003694271,0.012064507042329291,0.057396053104649375,1.0,0.0016582012176513672,nan
A_tabular,100,14,0.0633333232288129,0.016071417838002065,0.05174945144163016,0.027007780792087686,0.07556822841509425,1.0,0.0012600421905517578,nan
A_tabular,100,15,0.0633392210429813,0.016053335748137654,0.043088152967179556,0.02039245566760078,0.06619260158221162,1.0,0.0014100074768066406,nan
A_tabular,100,16,0.06334494542241255,0.01607881056951987,0.05931217697360373,0.03559306636007548,0.08182495301738513,1.0,0.00043129920959472656,nan
A_tabular,100,17,0.06333355678969398,0.016081105980783265,0.050755995280048496,0.027553287501416404,0.07336857608286969,1.0,0.0016341209411621094,nan
A_tabular,100,18,0.06335375701075094,0.016089881076614795,0.0434975978246251,0.01971725930488004,0.0665851582258232,1.0,0.0004608631134033203,nan
A_tabular,100,19,0.06335119176720208,0.016079602537206746,0.044557440449975075,0.022246267606049783,0.06739843982757994,1.0,0.00047326087951660156,nan
A_tabular,316,0,0.06332900176287183,0.01591615326050341,0.058679177909251735,0.03392709184224351,0.08129061569742398,1.0,0.0009081363677978516,nan
A_tabular,316,1,0.06335847528403059,0.01596904774328146,0.06497518638957234,0.04098614459989507,0.08839541410367197,1.0,0.0033240318298339844,nan
A_tabular,316,2,0.06333952898804045,0.015935440969381768,0.041767289544771845,0.018935335217188556,0.06401265980157905,1.0,0.0029108524322509766,nan
A_tabular,316,3,0.06335792805152492,0.01593779774328146,0.059106627606754926,0.03628033424758283,0.08105715369285008,1.0,0.0018908977508544922,nan
A_tabular,316,4,0.06334403068207933,0.01593370508546626,0.05400924674596553,0.031207871907721885,0.0757924649194161,1.0,0.0022552013397216797,nan
A_tabular,316,5,0.06332635713842402,0.0159695669417636,0.06439427570965998,0.03958200825183902,0.08781695349816715,1.0,0.001055002212524414,nan
A_tabular,316,6,0.06335978193647951,0.016006547743281464,0.04761154250946194,0.024411372483365428,0.07165141855326444,1.0,0.002399921417236328,nan
A_tabular,316,7,0.0633362412581358,0.0159761122030045,0.039037150867568496,0.016056482180325,0.06135432914946123,1.0,0.002212047576904297,nan
A_tabular,316,8,0.06335517152643053,0.015981551044635188,0.06298499484230768,0.040207089380296095,0.0869536823851585,1.0,0.0023140907287597656,nan
A_tabular,316,9,0.06334794308824612,0.015950297743281456,0.05750890260665153,0.03404100529992791,0.08057725478714269,1.0,0.002499103546142578,nan
A_tabular,316,10,0.06335728354564862,0.015971131076614794,0.0614393143877694,0.03783299954093843,0.08563966233934936,1.0,0.0027108192443847656,nan
A_tabular,316,11,0.063356250459279,0.015966208943719515,0.062184432174821155,0.040274708278362534,0.08522769295155455,1.0,0.0029129981994628906,nan
A_tabular,316,12,0.06335256579829869,0.016019047743281462,0.0654398114652305,0.0421080409980687,0.0882436212901729,1.0,0.0016570091247558594,nan
A_tabular,316,13,0.06334839301907305,0.016001162210895762,0.04489314368906423,0.02189637984845094,0.06732995883877609,1.0,0.0030138492584228516,nan
A_tabular,316,14,0.06332721770805504,0.01589497696700087,0.06259786496752545,0.03843832989015665,0.08703612261673777,1.0,0.0025310516357421875,nan
A_tabular,316,15,0.06333769101213865,0.015938752414804316,0.05585682576605717,0.0337579763391585,0.07867142858548772,1.0,0.002504110336303711,nan
A_tabular,316,16,0.06334406876622549,0.0160183939028532,0.06226133572426935,0.038453497799854644,0.08545446538969004,1.0,0.0016622543334960938,nan
A_tabular,316,17,0.06333043472965288,0.015979022647449933,0.058542182649483465,0.035636975504216066,0.08169127340651443,1.0,0.003214120864868164,nan
A_tabular,316,18,0.06335354979036481,0.01596071440994813,0.04199644550755957,0.018729873929947013,0.06681773201258448,1.0,0.003245830535888672,nan
A_tabular,316,19,0.06334922796934528,0.01598793587054008,0.05819483339140558,0.03649702785176422,0.08088521263176023,1.0,0.0017790794372558594,nan
A_tabular,1000,0,0.06332012081782283,0.01571097181766399,0.07500144045956147,0.05091590156410749,0.09892792390045359,1.0,0.0061609745025634766,nan
A_tabular,1000,1,0.06334561572036942,0.01570654774328146,0.08024972147284194,0.05586328396351379,0.1035241028385008,1.0,0.006298065185546875,nan
A_tabular,1000,2,0.06332870142665048,0.01564794096938177,0.058869574934746115,0.03573531710939174,0.08209420234991141,1.0,0.005782127380371094,nan
A_tabular,1000,3,0.06333443220079253,0.015741199338009475,0.05245950598886466,0.02863078973430631,0.07587001068127122,1.0,0.005326032638549805,nan
A_tabular,1000,4,0.06332995832780709,0.01567952051312809,0.06315340564290005,0.03966458557288237,0.08384758202823327,1.0,0.006264686584472656,nan
A_tabular,1000,5,0.063301968670664,0.015692483608430265,0.06952294751118662,0.04440298963216788,0.09399583643591848,1.0,0.005105018615722656,nan
A_tabular,1000,6,0.06334065920693006,0.01572738107661479,0.07049522993291922,0.046386585325838954,0.09358884393437,1.0,0.0057888031005859375,nan
A_tabular,1000,7,0.06332342339721962,0.015689580342847544,0.05167424162487288,0.026557592100935164,0.07576715385609281,1.0,0.005989789962768555,nan
A_tabular,1000,8,0.0633337610326446,0.015654543687080677,0.06935529751925802,0.04617007115228476,0.09437993611741491,1.0,0.006577014923095703,nan
A_tabular,1000,9,0.06333891164814513,0.01571696440994812,0.06746284140413249,0.04310474014232712,0.09059203556239004,1.0,0.004698038101196289,nan
A_tabular,1000,10,0.06335077535281525,0.015708631076614788,0.06371152420477114,0.04031174728995871,0.08566332481205671,1.0,0.0028519630432128906,nan
A_tabular,1000,11,0.06334326610250444,0.01567662561038618,0.06727064272141521,0.04291207298203294,0.09076354344756118,1.0,0.002095937728881836,nan
A_tabular,1000,12,0.0633325109385149,0.015774400160163633,0.0693831827812613,0.04575765502039662,0.0929359664577943,1.0,0.004330873489379883,nan
A_tabular,1000,13,0.06333357656182191,0.015725420482294836,0.07133619999209775,0.047159426264874856,0.09437186801709227,1.0,0.002466917037963867,nan
A_tabular,1000,14,0.06331845842650204,0.015667251171335394,0.06729835628766534,0.04299152973160344,0.09215898792182771,1.0,0.002149820327758789,nan
A_tabular,1000,15,0.06332164301858942,0.015661806676249185,0.059091718619155444,0.03668136667786377,0.08287980387508123,1.0,0.0019512176513671875,nan
A_tabular,1000,16,0.06332439214800607,0.01573486636187743,0.06995682268449843,0.04712376368069101,0.09359167040139062,1.0,0.006150007247924805,nan
A_tabular,1000,17,0.06329672468554187,0.01565160527253683,0.0674241993084091,0.04380367634224662,0.09117939610824648,1.0,0.006047964096069336,nan
A_tabular,1000,18,0.06334351537127399,0.015778180768935945,0.05288559094917858,0.028781398251224208,0.07677514390839528,1.0,0.001706838607788086,nan
A_tabular,1000,19,0.06334068019752061,0.015665019203873407,0.07308441421335417,0.05040298817635585,0.0975578258049187,1.0,0.006198883056640625,nan
A_tabular,3162,0,0.06323911094949042,0.015215966058908643,0.07817303022183152,0.05290702058461796,0.10310952222817793,1.0,0.007777214050292969,nan
A_tabular,3162,1,0.06327722337425831,0.015157350005885811,0.09457851052527662,0.07007155384589218,0.11931617549183707,1.0,0.007422924041748047,nan
A_tabular,3162,2,0.06322806864283462,0.014928518565679602,0.08297127935128037,0.05796630342162214,0.10711066100049405,1.0,0.006474971771240234,nan
A_tabular,3162,3,0.06327637701552535,0.015051677085858257,0.0704756604943137,0.04682557944854642,0.09380041986285884,1.0,0.012172698974609375,nan
A_tabular,3162,4,0.06322396494852821,0.01494422387735427,0.08466561847026748,0.06040323784046053,0.10823077882527897,1.0,0.00947117805480957,nan
A_tabular,3162,5,0.06321111793991989,0.01491577371031532,0.08773612530279329,0.062474493006289974,0.11311252506595683,1.0,0.012868881225585938,nan
A_tabular,3162,6,0.0632391557695641,0.014954847545304333,0.07834537664848062,0.05407330934049423,0.10321607304410435,1.0,0.007853031158447266,nan
A_tabular,3162,7,0.06319740079093479,0.015039845442544874,0.0837644232902909,0.05834535805217776,0.10881223119534368,1.0,0.013059139251708984,nan
A_tabular,3162,8,0.06323302147086733,0.01493567963671554,0.08829307824892328,0.06251339853079324,0.11304599185905397,1.0,0.021665096282958984,nan
A_tabular,3162,9,0.06323938950671891,0.014883644584944795,0.07501307271280538,0.050560457715600186,0.0987700559706881,1.0,0.006611824035644531,nan
A_tabular,3162,10,0.06324829676674362,0.014932537912961041,0.07875534581694839,0.05422566481985326,0.10366936275872797,1.0,0.006758928298950195,nan
A_tabular,3162,11,0.0632341023223935,0.015122331124580132,0.08530247624370056,0.06077499929985601,0.10923236955727043,1.0,0.006127119064331055,nan
A_tabular,3162,12,0.06323692907380896,0.015180332155763226,0.09122836622170996,0.06777091591999235,0.1151457440081771,1.0,0.0063838958740234375,nan
A_tabular,3162,13,0.06322439704878177,0.015136102221082765,0.0785051939361195,0.05480729640157961,0.102037807433832,1.0,0.012405157089233398,nan
A_tabular,3162,14,0.06320448244658074,0.015190025470297984,0.08244196552019804,0.058160864139337576,0.10729112255325236,1.0,0.007437229156494141,nan
A_tabular,3162,15,0.0632393744622567,0.014911992908409735,0.07902457340176554,0.05570109850302171,0.10302579025389999,1.0,0.017773151397705078,nan
A_tabular,3162,16,0.06325160423162458,0.014903902030151567,0.10630352969980233,0.08151215098536102,0.1308431117713233,1.0,0.013559818267822266,nan
A_tabular,3162,17,0.0632029350605688,0.015063708311941114,0.08309719574439288,0.05928753794173598,0.10799609483915246,1.0,0.013519048690795898,nan
A_tabular,3162,18,0.06323175869876807,0.015174843175904233,0.0888917043204871,0.06464693508113252,0.11432044365165052,1.0,0.01894092559814453,nan
A_tabular,3162,19,0.06323671996450787,0.014958823680541326,0.08003848568878885,0.05646728785089603,0.10385537593690643,1.0,0.013186931610107422,nan
A_tabular,10000,0,0.06280844656721746,0.01451928674479927,0.09623841525336832,0.07035087600652033,0.12223790402046762,1.0,0.03231620788574219,nan
A_tabular,10000,1,0.06289454054436602,0.013729534647298904,0.10619966676479665,0.08128222994158436,0.13089051321253356,1.0,0.03762197494506836,nan
A_tabular,10000,2,0.06284131496478886,0.013972562709900436,0.07937375937840642,0.0544508076383462,0.10349748409061431,1.0,0.03968381881713867,nan
A_tabular,10000,3,0.06284390673065313,0.014078084319232947,0.09513855309481781,0.06927635048685854,0.12050769803997675,1.0,0.037699222564697266,nan
A_tabular,10000,4,0.06282302726386835,0.01435929968014407,0.09009389000829966,0.06387316519424543,0.11477954426798305,1.0,0.033521175384521484,nan
A_tabular,10000,5,0.06281091342644948,0.014333273832565737,0.10106923665458348,0.0737286968741592,0.12733763434764117,1.0,0.03582906723022461,nan
A_tabular,10000,6,0.06288909233291,0.01387553508109556,0.09021105782509059,0.06472583813016278,0.11496732250955156,1.0,0.03502488136291504,nan
A_tabular,10000,7,0.06281398050004022,0.014424833773341987,0.08321891809052832,0.05714715230125098,0.10825121640768218,1.0,0.04190492630004883,nan
A_tabular,10000,8,0.06291956821643706,0.014097268073482798,0.09950230958841837,0.07512172455067391,0.12463982120476891,1.0,0.040518760681152344,nan
A_tabular,10000,9,0.06291312982799711,0.01395135248765035,0.09305931666119843,0.06763436375742153,0.11682419062445734,1.0,0.031545162200927734,nan
A_tabular,10000,10,0.06286119621160535,0.014027896845679037,0.10328854466630727,0.07672505180627144,0.1298275756589614,1.0,0.030204057693481445,nan
A_tabular,10000,11,0.06291894210697563,0.014317445703356689,0.10323473808002452,0.07722136601724945,0.13069913854802295,1.0,0.03130292892456055,nan
A_tabular,10000,12,0.06285390758361173,0.014054218336513873,0.10311556764797526,0.07937535259543885,0.1273190040814913,1.0,0.0361478328704834,nan
A_tabular,10000,13,0.06286488648856078,0.013957509254579652,0.08805999982159077,0.06125756549600118,0.1133941081536071,1.0,0.031098127365112305,nan
A_tabular,10000,14,0.06279459872927542,0.014032321725135927,0.1018643895367108,0.07586656701179723,0.1288363949480211,1.0,0.03238677978515625,nan
A_tabular,10000,15,0.0628249254847976,0.014111759699446405,0.09615460803072971,0.07150486103281682,0.12201619157379118,1.0,0.028927087783813477,nan
A_tabular,10000,16,0.06286286930864438,0.014054522302988435,0.10788715229220014,0.08172186664591674,0.13450310303769475,1.0,0.03132510185241699,nan
A_tabular,10000,17,0.06282517021804021,0.014153610973336282,0.09696846831345499,0.07202377745714698,0.12270830688200872,1.0,0.029390811920166016,nan
A_tabular,10000,18,0.06285520390360458,0.014252344635046021,0.0934214015122238,0.06764483957988378,0.1181431997265126,1.0,0.035874128341674805,nan
A_tabular,10000,19,0.06286607882096563,0.01387215046264701,0.0990620475037484,0.07521167260672838,0.1237442562397859,1.0,0.02851390838623047,nan
A_tabular,31623,0,0.06152792672900272,0.012824884258027755,0.12190274156035409,0.09557324189125017,0.14857326919013483,1.0,0.13217782974243164,nan
A_tabular,31623,1,0.06153574510692469,0.012883366079102166,0.11759113139063718,0.08925764230602015,0.14544266360145913,1.0,0.19595122337341309,nan
A_tabular,31623,2,0.06158217742892887,0.012980799707535151,0.10292501235030897,0.07663228430540116,0.12876456677707937,1.0,0.11964607238769531,nan
A_tabular,31623,3,0.06154360678758665,0.01265695317577042,0.12301125324370056,0.09630195889246614,0.14942529560280202,1.0,0.1348860263824463,nan
A_tabular,31623,4,0.06153973956981711,0.013042644678608613,0.11156326051444435,0.0849664489798514,0.13731726446547896,1.0,0.12861394882202148,nan
A_tabular,31623,5,0.061415252951058534,0.012953473375315471,0.12072993879349324,0.09468937193345128,0.14690281146008188,1.0,0.11636805534362793,nan
A_tabular,31623,6,0.061533858921623,0.012992148719483584,0.11244230190294854,0.08656123446966055,0.13817510093789823,1.0,0.1057279109954834,nan
A_tabular,31623,7,0.061591532215554204,0.013189938639595819,0.10887592392721038,0.08305847473933108,0.13385193015493566,1.0,0.11688685417175293,nan
A_tabular,31623,8,0.06172722398697011,0.013009099975137927,0.10596613285277164,0.08097578236782775,0.13223351319616383,1.0,0.13241100311279297,nan
A_tabular,31623,9,0.061571894790303394,0.012960696183786598,0.11058435340438044,0.08285129274829445,0.13783908007219842,0.998,0.10779619216918945,nan
A_tabular,31623,10,0.06160568129734751,0.012805986917406975,0.12385466251465507,0.09767778947401601,0.1502754087142725,1.0,0.1183779239654541,nan
A_tabular,31623,11,0.06171268341798687,0.013175157312982778,0.11400904163654761,0.08735198240622213,0.14020672322174074,1.0,0.12070608139038086,nan
A_tabular,31623,12,0.06149172115552379,0.012614225727325429,0.1210791556789794,0.09461935863878225,0.14775843443831196,1.0,0.16789507865905762,nan
A_tabular,31623,13,0.06157309594854423,0.012717842269680563,0.10456691289627806,0.0771023690181336,0.13107070434783796,1.0,0.14426803588867188,nan
A_tabular,31623,14,0.06146314680556961,0.012912059145441695,0.1259595556302233,0.09799514115532924,0.1530011813942637,1.0,0.147963285446167,nan
A_tabular,31623,15,0.061667683446999695,0.012910528167573274,0.09852589787647599,0.07272882914945758,0.12500403313323577,1.0,0.10741496086120605,nan
A_tabular,31623,16,0.061657355790833,0.01263776777915448,0.12105958285173687,0.09495176680457086,0.14815368982883098,1.0,0.10578393936157227,nan
A_tabular,31623,17,0.06140405363193922,0.012590841618612132,0.11466848031209761,0.08716678665594657,0.14253714707575826,1.0,0.1170499324798584,nan
A_tabular,31623,18,0.06153602620573102,0.012923652809970447,0.11199555388710476,0.08569969194940022,0.1395721734183384,1.0,0.10538506507873535,nan
A_tabular,31623,19,0.061587099077332556,0.012594657076140232,0.11648779191132974,0.0896466460986706,0.14271471116964135,1.0,0.11042904853820801,nan
A_tabular,100000,0,0.057509040260418164,0.011576992535216496,0.1390559000630545,0.11184164652409016,0.16736568067957178,0.9515,0.4508969783782959,nan
A_tabular,100000,1,0.05754286379020625,0.01162099232459084,0.14846903613276366,0.1201881149330593,0.17804140476400832,0.953,0.4123499393463135,nan
A_tabular,100000,2,0.05754333995920996,0.011736758131212267,0.13208435317089526,0.10455858098831962,0.15892388907772506,0.927,0.42535996437072754,nan
A_tabular,100000,3,0.0574351313768215,0.01188451923548724,0.1302551016950948,0.10241162982720622,0.15874829764816098,0.9755,0.42769694328308105,nan
A_tabular,100000,4,0.05753614276618145,0.0115965622314588,0.13707079619466184,0.1091343364901182,0.16376995031666355,0.994,0.4516890048980713,nan
A_tabular,100000,5,0.057620829688420236,0.01183594683692542,0.1249745723231116,0.09640513727409512,0.15272662510639168,0.9665,0.41653990745544434,nan
A_tabular,100000,6,0.057603103648305905,0.012258121682837348,0.14070355065120824,0.11297000633501703,0.1682759090677732,0.9755,0.4237020015716553,nan
A_tabular,100000,7,0.057826222191705245,0.011929546198192304,0.12350207268300861,0.09657507533291017,0.15039022502954139,0.9855,0.4108250141143799,nan
A_tabular,100000,8,0.05793339703999306,0.011866508757537102,0.1422996142700796,0.11526433469301235,0.17058562814549214,0.98,0.4548459053039551,nan
A_tabular,100000,9,0.05748336587907002,0.011844290105206242,0.14217697902655507,0.11404832746193332,0.16928335735369876,0.9595,0.4361100196838379,nan
A_tabular,100000,10,0.05764328728533957,0.011840495121987689,0.133094310748738,0.10615375678561273,0.15959208046610107,0.985,0.39887499809265137,nan
A_tabular,100000,11,0.05758978911818744,0.011729819851498848,0.1359246435627106,0.10707432398920871,0.1658032718852084,0.9405,0.40433287620544434,nan
A_tabular,100000,12,0.057377967072116697,0.011598068556782467,0.125538342808133,0.0975351420962129,0.15178943283081783,0.9585,0.4155099391937256,nan
A_tabular,100000,13,0.05752114248043552,0.01218065451830838,0.12194097490550178,0.09544432374584393,0.14882776306340836,0.9905,0.40924692153930664,nan
A_tabular,100000,14,0.05764899529958484,0.011710746851312267,0.13625945411122345,0.10744368090339665,0.16345902860309092,0.9775,0.3736562728881836,nan
A_tabular,100000,15,0.05766314060164474,0.012129816836533818,0.12862109567230132,0.10058574445930728,0.15551970686807715,0.974,0.4118189811706543,nan
A_tabular,100000,16,0.05768620401034654,0.012086419338131326,0.13726143557581164,0.10902427260074306,0.16392781682155882,0.972,0.4170210361480713,nan
A_tabular,100000,17,0.05743485813924822,0.012097958790155582,0.13061481684706755,0.10234704114478692,0.15768340547341103,0.972,0.4348747730255127,nan
A_tabular,100000,18,0.05782846617854016,0.011886166932299344,0.13584823730058534,0.10817574891473862,0.16276918100217017,0.9705,0.41799116134643555,nan
A_tabular,100000,19,0.057498055907585444,0.011857786199618582,0.13004482246301596,0.10437320621286658,0.15839437026371916,0.952,0.43252110481262207,nan
B_ddqn,100,0,0.1649786104432443,0.0205612388043313,0.08333474879664024,0.0694044316919754,0.09709761793102774,0.0,0.6299238204956055,nan
B_ddqn,100,1,0.1700124624325041,0.007832726058345174,0.1533194213519919,0.12788891236034047,0.18066628162388043,0.989,0.5646359920501709,nan
B_ddqn,100,2,0.2941767550315399,0.016791623383264054,0.03914880259101051,0.02400521747784459,0.05398795898444374,0.0,0.40169525146484375,nan
B_ddqn,100,3,0.18750731313175445,0.007155761691675422,0.17633436505230377,0.14552103836183708,0.20629726171439344,0.37,0.37586116790771484,nan
B_ddqn,100,4,0.1564418833889795,0.024916119560605802,0.03236886760278799,0.02023764199151475,0.04501891933306706,0.0,0.4430196285247803,nan
B_ddqn,100,5,0.23495196239833804,0.008020686852350961,0.15907534621591066,0.12719651632134318,0.19272702305360712,0.14,0.3704831600189209,nan
B_ddqn,100,6,0.1713773415178138,0.010175102913391429,0.11974683931844941,0.08908983263748887,0.1511867057776348,0.0195,0.46926379203796387,nan
B_ddqn,100,7,0.16358895452021135,0.01248151047480126,0.09018603663631333,0.06629005501656998,0.115314340818758,0.885,0.42550182342529297,nan
B_ddqn,100,8,0.1563800035271093,0.006809307538873774,0.17217864188661477,0.14451587858185824,0.20055257522136222,0.8945,0.4260399341583252,nan
B_ddqn,100,9,0.1742653052736596,0.014809619569165034,0.053909681140837336,0.03842560286502792,0.06981847149501627,0.001,0.44681215286254883,nan
B_ddqn,100,10,0.15944032118325904,0.013612797743281575,0.07585635273363107,0.052182704972726826,0.09993795830961141,1.0,0.3999509811401367,nan
B_ddqn,100,11,0.18835977490358094,0.009245190340410835,0.12621342439658637,0.10067575431747523,0.15202255533612638,0.999,0.3948640823364258,nan
B_ddqn,100,12,0.21246376966899233,0.014351225993163635,0.10592728501678436,0.07417647747284359,0.13648613354768266,0.9995,0.023623228073120117,nan
B_ddqn,100,13,0.3130784512328466,0.01202791378750984,0.1404938545111424,0.10799407226322388,0.17199468474275256,0.876,0.024703025817871094,nan
B_ddqn,100,14,0.12573367520969264,0.013768507538942792,0.09364220228140238,0.06824568637674672,0.11834780570350804,0.9945,0.039823055267333984,nan
B_ddqn,100,15,0.14001517577140002,0.01544119117561435,0.09057253966964018,0.07056333276874274,0.11058570183835653,0.0105,0.03703808784484863,nan
B_ddqn,100,16,0.21141907133031565,0.006768307322479876,0.1934899182597653,0.16533412653304286,0.2212435803850822,0.679,0.03856015205383301,nan
B_ddqn,100,17,0.15631775056211608,0.009402632809369985,0.12382221295285803,0.09748221519946013,0.1505630022675433,0.9995,0.031659841537475586,nan
B_ddqn,100,18,0.13201239752124105,0.01521896242985067,0.06337711148222115,0.04113416564649334,0.0862588098529114,0.014,0.028908967971801758,nan
B_ddqn,100,19,0.22362093542872105,0.004113003143490122,0.18191359718621336,0.15513887232891105,0.20922697434786475,0.8875,0.02365589141845703,nan
B_ddqn,316,0,0.11478041611382664,0.018309857367174998,0.12282759111896477,0.11084975002919711,0.1353776917256056,0.0,0.23799705505371094,nan
B_ddqn,316,1,0.0773338496899598,0.013814938401770002,0.1422218976999233,0.11575616491824721,0.16961743124776055,0.354,0.17440080642700195,nan
B_ddqn,316,2,0.1543203554854299,0.033071021215959666,-0.028180900234303835,-0.04531661368614032,-0.010612261514774944,0.0,0.1954958438873291,nan
B_ddqn,316,3,0.1503193150813396,0.017604049459072558,0.06698766603892593,0.037421471074164554,0.09618194408707557,1.0,0.14910483360290527,nan
B_ddqn,316,4,0.11671959522981061,0.014482196685643425,0.04726993747449711,0.0202926395068095,0.07153036238550985,1.0,0.17807388305664062,nan
B_ddqn,316,5,0.06463065756508807,0.01809933531924222,0.09326765571005571,0.08326235252329806,0.10341596589802923,0.0,0.21599888801574707,nan
B_ddqn,316,6,0.039416661090436365,0.02140001193773092,0.06607923388518674,0.052456335639272274,0.07933271114962048,0.0,0.18130707740783691,nan
B_ddqn,316,7,0.08909031390803937,0.016791623383264054,0.0507710337489809,0.03549110891313946,0.06572618417775924,0.0,0.16988420486450195,nan
B_ddqn,316,8,0.06995992944225068,0.020603344493267346,0.08059787026016992,0.05733334802887844,0.10530558823702928,0.9995,0.12867379188537598,nan
B_ddqn,316,9,0.11924878144911773,0.00518891216708532,0.1663399491236314,0.13905476299788908,0.1952208294832572,0.8695,0.2062060832977295,nan
B_ddqn,316,10,0.09372843180722466,0.009632834687958407,0.11816869755229936,0.09251660267667483,0.14329881676769027,0.995,0.060373783111572266,nan
B_ddqn,316,11,0.10997448819870075,0.014608538940632819,0.12216431114601786,0.09358809310358246,0.14896552909243493,0.769,0.15457987785339355,nan
B_ddqn,316,12,0.18351550843795925,0.010703811301999974,0.10074644140968317,0.07656621799134067,0.124180464013209,1.0,0.11301898956298828,nan
B_ddqn,316,13,0.2056164049045947,0.01953134127128892,0.024279852027079697,0.0030759845979555353,0.04645448775233816,0.0075,0.1377429962158203,nan
B_ddqn,316,14,0.13634726981472572,0.011314884694731601,0.08865507385909717,0.06485955109257897,0.11282037003928826,1.0,0.10992813110351562,nan
B_ddqn,316,15,0.10514411622290763,0.008376502845024112,0.15318914785871654,0.12071661699214371,0.18597589233576436,0.1665,0.1835029125213623,nan
B_ddqn,316,16,0.030732335892010677,0.012775930883194094,0.11101173655939862,0.08709990882248925,0.1353317815340185,0.9775,0.13191604614257812,nan
B_ddqn,316,17,0.09068390522941107,0.021211137187514148,0.07981385809614812,0.06797839474582122,0.09202450430346949,0.0005,0.16977262496948242,nan
B_ddqn,316,18,0.0797579056091296,0.01111279774328151,0.09920072778929916,0.07360798237675702,0.12319946531481572,1.0,0.13994216918945312,nan
B_ddqn,316,19,0.062117176570934525,0.011696960918606805,0.11926322708041596,0.09600718998857799,0.14278361347206872,0.517,0.1396031379699707,nan
B_ddqn,1000,0,0.045269096832456904,0.01829760560996544,0.06708943423312164,0.03356532115020763,0.09861022660990953,0.101,0.5983841419219971,nan
B_ddqn,1000,1,0.04157351128139854,0.021067396483218814,0.022408085682372274,0.005940512141922021,0.03937921742907412,0.0005,0.573591947555542,nan
B_ddqn,1000,2,0.06620967963303105,0.009321373221814845,0.14561645960459055,0.11319696838204,0.17697695481187278,0.13,0.4475839138031006,nan
B_ddqn,1000,3,0.04683359247551994,0.012451014118838666,0.14003207958521918,0.10793912744681448,0.17202238378594129,0.794,0.4386320114135742,nan
B_ddqn,1000,4,0.054493139808545546,0.015159205829109745,0.10449588072213487,0.09011661076024975,0.1186552150226734,0.0025,0.6200439929962158,nan
B_ddqn,1000,5,0.3173533512024044,0.016112797743281466,0.005567673314828738,-0.01593090494646572,0.026792393651285582,1.0,0.3334951400756836,nan
B_ddqn,1000,6,0.03970617024115302,0.012360147138292261,0.12350707512962038,0.1127625565288434,0.13343021755707413,0.0005,0.5260930061340332,nan
B_ddqn,1000,7,0.08119944946380699,0.010166144888083253,0.1620995307457092,0.13235438857325107,0.1926869263985997,0.258,0.5802490711212158,nan
B_ddqn,1000,8,0.1316297339496289,0.00894699550773735,0.16307864268102804,0.13197774684132507,0.1933325596319844,0.612,0.4101428985595703,nan
B_ddqn,1000,9,0.07393757246389346,0.02739387483313072,0.029660148286591123,0.015232772584490604,0.04444402075132945,0.0005,0.6105220317840576,nan
B_ddqn,1000,10,0.03409758429148679,0.01110515249074748,0.15261564621886728,0.12753182118982279,0.17849243517949306,0.5565,0.45721006393432617,nan
B_ddqn,1000,11,0.08733815407733095,0.014366681184067209,0.12071006959173362,0.0919699402313591,0.15001185911785528,0.0495,0.6034598350524902,nan
B_ddqn,1000,12,0.037477369427054076,0.016331499007533,0.11935407747830419,0.09502453829474561,0.14263931616314351,0.852,0.5237839221954346,nan
B_ddqn,1000,13,0.07580189100697705,0.012722554318087661,0.056459902615162406,0.0204362597852398,0.09113886919210377,0.0285,0.6417698860168457,nan
B_ddqn,1000,14,0.0594255469851519,0.013022234165429707,0.060509309273284455,0.02564530765267121,0.09782927860040719,0.191,0.4438488483428955,nan
B_ddqn,1000,15,0.047069889329346866,0.023351008151257013,0.0366485156137758,0.024523653260380366,0.04919760971783323,0.0,0.49310994148254395,nan
B_ddqn,1000,16,0.04112492261687274,0.013757419972280853,0.08345451283735074,0.0595534856544828,0.10732686704010273,0.018,0.5140390396118164,nan
B_ddqn,1000,17,0.08143751763951373,0.02081770966866067,0.060487077707965485,0.0380102918797795,0.08214534979258432,0.002,0.556023120880127,nan
B_ddqn,1000,18,0.05483414964620645,0.013612797743281575,0.07336082548388402,0.048113582804509676,0.09787309968910565,1.0,0.6059613227844238,nan
B_ddqn,1000,19,0.08010911755295003,0.014604684107105198,0.04484080769734928,0.02336411765322066,0.06630695892807205,0.0095,0.4959537982940674,nan
B_ddqn,3162,0,0.05794296705185072,0.006567918000936043,0.1707611905476776,0.14087421961047636,0.2000050767225318,0.8725,1.9415311813354492,nan
B_ddqn,3162,1,0.05269408551827123,0.011763796256310105,0.15682732084883416,0.12552954585096934,0.18827821527937055,0.3015,1.8889563083648682,nan
B_ddqn,3162,2,0.04443568994115994,0.01753261705980018,-0.006950965359156157,-0.03625432160400002,0.020572482003757206,0.0065,1.6333420276641846,nan
B_ddqn,3162,3,0.04292781757444968,0.01293695398159986,0.14259892931249096,0.11481565875279558,0.17226974888137592,0.365,1.8738670349121094,nan
B_ddqn,3162,4,0.05158847318996962,0.009684867905937684,0.13876208362688267,0.11132545264806241,0.16320888374534406,0.2855,1.718461275100708,nan
B_ddqn,3162,5,0.0414869703731871,0.01127606291692618,0.17134899564777728,0.14213712832940362,0.20099931866387882,0.4915,1.8523428440093994,nan
B_ddqn,3162,6,0.03875958134557519,0.01249011402833818,0.1461885446913034,0.11398841593033794,0.1782076558460154,0.069,2.0419561862945557,nan
B_ddqn,3162,7,0.03584030497227258,0.009896193034151249,0.1596934580034449,0.130267673061298,0.18917822463812672,0.062,2.1071038246154785,nan
B_ddqn,3162,8,0.0571592466185029,0.007568910840257218,0.14709778639036702,0.11902262687763555,0.17752955808983736,0.977,1.933978796005249,nan
B_ddqn,3162,9,0.057526035535558386,0.009559772422064563,0.14251517883260925,0.1157217138304636,0.169365818229271,0.225,1.9842817783355713,nan
B_ddqn,3162,10,0.12738706674674233,0.015378191833450527,0.0716857394692471,0.04773097157187544,0.09665885327398925,0.9975,1.1917240619659424,nan
B_ddqn,3162,11,0.03635108771362479,0.009454843589228585,0.15303809973203014,0.12287933137570656,0.18425038337844488,0.1415,1.8973429203033447,nan
B_ddqn,3162,12,0.03769526644304545,0.011650221668367542,0.132918622344637,0.10020522128350037,0.1644579724404921,0.048,1.6456139087677002,nan
B_ddqn,3162,13,0.03984487319067996,0.015273564429665258,0.11683809666886873,0.09015978682783615,0.14386136410091357,0.395,1.8803250789642334,nan
B_ddqn,3162,14,0.08195730666781252,0.02054868769791084,-0.0006599344176469515,-0.01566455114797026,0.014621178358145593,0.0,1.9468598365783691,nan
B_ddqn,3162,15,0.04254684520162368,0.012216581051015314,0.15060841654020146,0.1236869676535223,0.17919791767313265,0.5475,1.8317909240722656,nan
B_ddqn,3162,16,0.04278806237192003,0.01629277227934931,0.06096416011434337,0.02480354206440771,0.0971277977553317,0.0395,1.7742900848388672,nan
B_ddqn,3162,17,0.09044023276612795,0.013353001962457938,0.12681402987518817,0.10998922473950014,0.1451511617244001,0.003,2.0572071075439453,nan
B_ddqn,3162,18,0.05623697790709902,0.010583472376563208,0.16346387926304173,0.12996032543840333,0.1965063486564679,0.1395,1.9166009426116943,nan
B_ddqn,3162,19,0.050033670351487994,0.014495872073966718,0.09582653720999068,0.06508469507138213,0.12478944919805396,0.0745,1.9089207649230957,nan
B_ddqn,10000,0,0.09341694956927293,0.02160408953220881,0.004283170138845151,-0.012748373431661335,0.02179569638502908,0.0,4.2786009311676025,nan
B_ddqn,10000,1,0.05212466310748441,0.012555214474285765,0.15116226884170444,0.12089049888738188,0.17984925795788131,0.213,6.033105134963989,nan
B_ddqn,10000,2,0.06935135687766358,0.010377072161776585,0.15049942386476237,0.1209051636928459,0.1781935398393458,0.614,5.510116815567017,nan
B_ddqn,10000,3,0.047971266054852746,0.005781330799273619,0.17403458499128935,0.1432606398488847,0.20332975100029016,0.2535,6.172922134399414,nan
B_ddqn,10000,4,0.04438875060353517,0.009013014989373938,0.16198142039875799,0.13478804239815198,0.18935735890261612,0.7405,6.103727102279663,nan
B_ddqn,10000,5,0.034211668211147905,0.009886562377427634,0.15797573753377375,0.13057301703758836,0.1844027696696893,0.8885,6.524235963821411,nan
B_ddqn,10000,6,0.03991811070451464,0.011704226521189106,0.1528084007130366,0.12481862012023907,0.18071883003525002,0.051,6.590673208236694,nan
B_ddqn,10000,7,0.07573581254533787,0.00823205921417301,0.18118007111567547,0.15330596625316975,0.2098861645567948,0.524,7.307091951370239,nan
B_ddqn,10000,8,0.08589758250078622,0.009599130326109968,0.12032971714228693,0.09652380169158715,0.14612252951495924,1.0,6.127772808074951,nan
B_ddqn,10000,9,0.03808483459152863,0.012966076988043534,0.09779620866336947,0.08443451071472789,0.11106650058723143,0.0005,6.039806365966797,nan
B_ddqn,10000,10,0.03945963706563963,0.008435191607363378,0.14044336181110298,0.11499131918843462,0.16505817084552873,0.9925,6.692028045654297,nan
B_ddqn,10000,11,0.03462446649793144,0.01876111862616321,0.049916908670723896,0.03356275684635952,0.06529337967016167,0.0,6.443498849868774,nan
B_ddqn,10000,12,0.0369731292728115,0.006268626630048513,0.18926982023459069,0.1607758582680657,0.2169222380248069,0.4645,5.813141584396362,nan
B_ddqn,10000,13,0.10272197005001946,0.009488206676641001,0.1589831343227717,0.12788407054250164,0.191774548746584,0.135,6.190475940704346,nan
B_ddqn,10000,14,0.09811323426358627,0.01321730703319628,0.07817179813303443,0.051857081077785076,0.1025574198091039,0.018,6.001251220703125,nan
B_ddqn,10000,15,0.04390130397312457,0.012880141559841426,0.15164918454525989,0.12948239695487387,0.1743663430700159,0.007,6.229786157608032,nan
B_ddqn,10000,16,0.03819841223255139,0.01591330036015133,0.057258156263082984,0.02154893285034839,0.09227579587754603,0.06,6.750679969787598,nan
B_ddqn,10000,17,0.09971494417303224,0.013356248473962736,0.08282017621441466,0.05816236530193957,0.1082265878247678,0.997,3.963559150695801,nan
B_ddqn,10000,18,0.08131832517755151,0.006015787542961508,0.16877613147645648,0.1416024032244882,0.1960684913739003,0.7995,4.638138055801392,nan
B_ddqn,10000,19,0.0498596474082001,0.006914623943800637,0.185878224503444,0.1579018623481797,0.21448315233673312,0.65,5.9782819747924805,nan
B_ddqn,31623,0,0.022155720690911204,0.006696261103927353,0.14988871535470555,0.12344853449307468,0.1762046683392027,0.8915,21.33481001853943,nan
B_ddqn,31623,1,0.03671892560265352,0.009350822618818817,0.09754991300437718,0.07461161796298274,0.1198521985269278,0.9845,21.12459707260132,nan
B_ddqn,31623,2,0.06695584575665378,0.014890314133493279,0.05917793230550643,0.03645492306954884,0.07963044914099306,1.0,9.69414496421814,nan
B_ddqn,31623,3,0.028375291190000984,0.011101203453216248,0.07671476933154318,0.05857829262569822,0.09516343532512497,0.0055,21.07617998123169,nan
B_ddqn,31623,4,0.034786814458025776,0.01579764160728723,0.10251543901753692,0.074704586307525,0.13056752614166445,0.0765,21.721421241760254,nan
B_ddqn,31623,5,0.020757429232645678,0.005803555775698351,0.19275083824646072,0.16317648459633366,0.22072391371869124,0.6585,21.717388153076172,nan
B_ddqn,31623,6,0.025233728629879208,0.006653217706621339,0.20223957578457957,0.17306844214377468,0.23066374637939968,0.362,20.78171706199646,nan
B_ddqn,31623,7,0.05910119299104902,0.006489847853833139,0.18718002964599342,0.15877199796657937,0.21598806121787925,0.677,21.47437882423401,nan
B_ddqn,31623,8,0.024085067307349307,0.008866510902685639,0.16492759487189465,0.1388608173107733,0.19355819022212406,0.335,21.122424125671387,nan
B_ddqn,31623,9,0.0837109534926649,0.009443324892162864,0.15340232887878363,0.12089927074587378,0.18435406200199328,0.1615,21.860180139541626,nan
B_ddqn,31623,10,0.031121008796622496,0.012871714303624786,0.157750753698582,0.12981713825445612,0.18502443756286183,0.441,20.92168378829956,nan
B_ddqn,31623,11,0.10027906910936953,0.012392613249897688,0.12128450875296522,0.09705222838998138,0.14575287449137933,0.543,19.647037982940674,nan
B_ddqn,31623,12,0.1937197866792263,0.00962639638199645,0.12113347516719881,0.09515342988610244,0.1447110548801906,0.879,19.643202781677246,nan
B_ddqn,31623,13,0.029615191831732276,0.008991020501272365,0.1754720788010397,0.14596211729885608,0.20364368899630858,0.634,21.338403940200806,nan
B_ddqn,31623,14,0.04491439796692877,0.013242608667811101,0.09191521097712421,0.07824674765717914,0.10528769434689735,0.0005,20.375030040740967,nan
B_ddqn,31623,15,0.042074867592806174,0.015332298866076937,0.09236738784463208,0.0840947101518921,0.10081176304338488,0.0005,15.990502834320068,nan
B_ddqn,31623,16,0.026426357100198042,0.010743774480224117,0.11505368942806436,0.08608670722288887,0.1427290901124291,0.012,20.884284019470215,nan
B_ddqn,31623,17,0.06733230683713334,0.006335605210885267,0.18065741214529896,0.15283214720546184,0.20904036367567314,1.0,20.377127170562744,nan
B_ddqn,31623,18,0.06001678321413563,0.013911080836057457,0.10346227480918907,0.08740113393393976,0.12017741437119384,0.017,20.601391792297363,nan
B_ddqn,31623,19,0.026060237669522323,0.0164137035713141,0.09639934754383617,0.08557465269490411,0.10830332667959355,0.0005,21.47434711456299,nan
B_ddqn,100000,0,0.02891878965530557,0.026387202256718565,-0.004031990771098464,-0.021174106920897395,0.013568589570385519,0.0,73.0784821510315,nan
B_ddqn,100000,1,0.021902193356417604,0.007203607983352212,0.18046733213159188,0.1512232263329783,0.2096004588843385,0.7925,74.1782910823822,nan
B_ddqn,100000,2,0.014374925948531188,0.01748832687483747,0.07422266185851291,0.06187675660643723,0.0863365654580828,0.0,65.77912783622742,nan
B_ddqn,100000,3,0.01567006252685451,0.007155761691675422,0.17633436505230377,0.14552103836183708,0.20629726171439344,0.37,74.66575002670288,nan
B_ddqn,100000,4,0.018283575352652886,0.008207806542941523,0.15240500287817094,0.12304678356622524,0.1806519818900896,0.6735,74.02872109413147,nan
B_ddqn,100000,5,0.018023776384561395,0.0057273420240074435,0.1651410895663761,0.13294301232156294,0.19475467939439578,0.907,68.6073579788208,nan
B_ddqn,100000,6,0.014648501747736568,0.007942058022261153,0.18818278116985984,0.1575307899823872,0.21919920265736714,0.3545,74.91707515716553,nan
B_ddqn,100000,7,0.01573747389352931,0.018964572521927542,0.05984598935611473,0.04606667340764889,0.07328692451670343,0.0005,76.01168513298035,nan
B_ddqn,100000,8,0.029636546525028746,0.007832726058345174,0.1450167031960746,0.11779904520358829,0.17132258604632897,0.9885,70.4499351978302,nan
B_ddqn,100000,9,0.01409346809277333,0.007476017222907605,0.18307160604679826,0.15207282513476789,0.21289452429763475,0.6235,76.51998209953308,nan
B_ddqn,100000,10,0.01526230517711618,0.010011097199220807,0.09056354458591287,0.0664117387207352,0.11535227292099168,1.0,75.1178560256958,nan
B_ddqn,100000,11,0.11095611766148318,0.016802624571249015,-0.002366047749573852,-0.039787668489499974,0.035493258213615334,0.1865,71.88941097259521,nan
B_ddqn,100000,12,0.019494169172913738,0.003958668801967071,0.18144520419803403,0.15157033280629253,0.2103421549323235,0.6735,68.13977408409119,nan
B_ddqn,100000,13,0.02828424783080423,0.009432877090433523,0.15100950207585231,0.12130867249863528,0.17983099861541066,0.624,68.17720103263855,nan
B_ddqn,100000,14,0.01596582386056458,0.011565433217847244,0.13356884189481394,0.10562018032328956,0.1614302387637833,0.0245,67.29635620117188,nan
B_ddqn,100000,15,0.01162443172424927,0.007557746035849831,0.15386959341682163,0.12178343696646336,0.18521174372069799,0.7485,67.0919361114502,nan
B_ddqn,100000,16,0.019089565228745036,0.012797874869911952,0.11043801265375174,0.08498602022730865,0.13464486547071244,1.0,66.8509156703949,nan
B_ddqn,100000,17,0.02912093972945894,0.006792770909383687,0.16868093852829347,0.14248542474366793,0.19438016126503035,0.961,72.4824481010437,nan
B_ddqn,100000,18,0.018678297435640097,0.0060847767786990125,0.15279279315921565,0.12633822237481981,0.1803341319554835,0.97,70.08060479164124,nan
B_ddqn,100000,19,0.03555503508041496,0.010449048493080738,0.12027484555173965,0.10369414024744113,0.13737349977478466,0.014,62.30448508262634,nan
C_hybrid,100,0,0.04216007512777228,0.008373688424556703,0.16596059941536404,0.13314720897810636,0.19751254699100268,0.1265,0.12528705596923828,100.0
C_hybrid,100,1,0.039682762036649936,0.008089436852350963,0.1776394831748602,0.143684678472752,0.2105506862140898,0.1185,0.08113479614257812,100.0
C_hybrid,100,2,0.1507646684843159,0.016112797743281466,-0.010438778909305625,-0.030892774472844445,0.009395769947716856,1.0,0.06994199752807617,100.0
C_hybrid,100,3,0.1375146925571589,0.006694785722255368,0.17291871468858866,0.14270650183751793,0.20224667529478502,0.656,0.07928705215454102,100.0
C_hybrid,100,4,0.057890270941066746,0.008020686852350961,0.1615293113409827,0.1311629415621434,0.19177318578341862,0.1375,0.08100676536560059,100.0
C_hybrid,100,5,0.1599670590622082,0.013634353328225973,0.005567673314828738,-0.01593090494646572,0.026792393651285582,1.0,0.05969882011413574,100.0
C_hybrid,100,6,0.07813810989315761,0.016112797743281466,-0.007607373993320578,-0.028616450458874617,0.012791605632299878,1.0,0.07013988494873047,100.0
C_hybrid,100,7,0.042174895349173666,0.011258161643019118,0.12076175624773512,0.0887316719113186,0.1520868053010817,0.0065,0.06637310981750488,100.0
C_hybrid,100,8,0.2859865695457421,0.009045415085097337,0.1396879185622473,0.10882510131735307,0.17129647770911838,0.0395,0.08208680152893066,100.0
C_hybrid,100,9,0.3667930369493102,0.0171270400499308,0.04990670886142431,0.035053920692931756,0.0649737112186701,0.0,0.08002281188964844,100.0
C_hybrid,100,10,0.10765225891301772,0.009737570209954608,0.06721246471070463,0.04552857711584118,0.08896130969634762,0.9725,0.08124613761901855,100.0
C_hybrid,100,11,0.17940308402214555,0.016112797743281466,0.0015192165871794714,-0.019926115118319286,0.022409390149833498,1.0,0.05718207359313965,100.0
C_hybrid,100,12,0.05829387353536588,0.016112797743281466,0.007480137827238678,-0.012966689513564535,0.027765536837791534,1.0,0.07931089401245117,100.0
C_hybrid,100,13,0.45466243739645057,0.016112797743281466,-0.012767203392748372,-0.03400779400263858,0.007785258081476404,1.0,0.1008000373840332,100.0
C_hybrid,100,14,0.05945720843200053,0.009144895709332423,0.13137078483859244,0.10064340574954732,0.16060470061890905,0.021,0.07911014556884766,100.0
C_hybrid,100,15,0.05269304738970927,0.02152903524006872,-0.004101612984937105,-0.024511704633308207,0.016822472072994792,1.0,0.07653665542602539,100.0
C_hybrid,100,16,0.30144359572392077,0.016112797743281466,0.01043577051978528,-0.01086338144783883,0.031934276355767274,1.0,0.06834673881530762,100.0
C_hybrid,100,17,0.31814187512138864,0.010965464241495484,0.11322386902598149,0.0866764774164228,0.1393704794832576,0.0085,0.0790858268737793,100.0
C_hybrid,100,18,0.12047616633789361,0.010802107813557444,0.12439786832626232,0.09771624044243955,0.1523965118027505,0.009,0.08479714393615723,100.0
C_hybrid,100,19,0.12588096653220304,0.012077107813557543,0.0879108319885213,0.07105054322046488,0.10434120912239722,0.0055,0.09290099143981934,100.0
C_hybrid,316,0,0.0407596768633746,0.008220832068977632,0.1718191961080097,0.13886642029627547,0.2018641362616688,0.1645,0.13618803024291992,100.0
C_hybrid,316,1,0.03946215121447327,0.008099853519017628,0.17839395243094108,0.1450893192163799,0.21206726817328808,0.1205,0.0958089828491211,100.0
C_hybrid,316,2,0.1508358914025224,0.016112797743281466,-0.010438778909305625,-0.030892774472844445,0.009395769947716856,1.0,0.09760069847106934,100.0
C_hybrid,316,3,0.1348709692902061,0.006736452388922032,0.1709029330286235,0.14170020635666422,0.19994378356453446,0.672,0.10700798034667969,100.0
C_hybrid,316,4,0.056768735530885,0.00747485351901759,0.16610116667975283,0.1357816203061738,0.19657413704689336,0.1385,0.09479808807373047,100.0
C_hybrid,316,5,0.1601079993701546,0.013441325900462486,0.005567673314828738,-0.01593090494646572,0.026792393651285582,1.0,0.08487105369567871,100.0
C_hybrid,316,6,0.08125119357427293,0.016112797743281466,-0.007607373993320578,-0.028616450458874617,0.012791605632299878,1.0,0.08710789680480957,100.0
C_hybrid,316,7,0.04483045377043266,0.01139604375756379,0.11868822960046817,0.08661542319434103,0.14962332341574258,0.0065,0.10657811164855957,100.0
C_hybrid,316,8,0.2865297350934921,0.009039112091380103,0.1396879185622473,0.10882510131735307,0.17129647770911838,0.0395,0.11272287368774414,100.0
C_hybrid,316,9,0.3668740284443394,0.0175587744081019,0.04538261158577765,0.03019204917495406,0.06072017548629162,0.0,0.1165010929107666,100.0
C_hybrid,316,10,0.10759450021177203,0.00968123768601729,0.06673715213319263,0.04571436808809591,0.08824964441303582,0.9765,0.09398984909057617,100.0
C_hybrid,316,11,0.17664906918407786,0.016112797743281466,0.0015192165871794714,-0.019926115118319286,0.022409390149833498,1.0,0.09339380264282227,100.0
C_hybrid,316,12,0.061794367422612094,0.016112797743281466,0.007480137827238678,-0.012966689513564535,0.027765536837791534,1.0,0.07383418083190918,100.0
C_hybrid,316,13,0.4547199035795678,0.016112797743281466,-0.012767203392748372,-0.03400779400263858,0.007785258081476404,1.0,0.09118485450744629,100.0
C_hybrid,316,14,0.07071938529740657,0.015386075308563495,0.12047451321595125,0.08843860295742167,0.15517735958086443,0.04,0.11773800849914551,100.0
C_hybrid,316,15,0.05358796052183473,0.021480768368508273,-0.004101612984937105,-0.024511704633308207,0.016822472072994792,1.0,0.11699199676513672,100.0
C_hybrid,316,16,0.3014500605437993,0.016112797743281466,0.01043577051978528,-0.01086338144783883,0.031934276355767274,1.0,0.11062002182006836,100.0
C_hybrid,316,17,0.3190817881166565,0.010962671304006839,0.11322386902598149,0.0866764774164228,0.1393704794832576,0.0085,0.09051203727722168,100.0
C_hybrid,316,18,0.12044197024958178,0.010750024480224113,0.12672672781875224,0.09986760832843786,0.15440357658318363,0.0095,0.09075593948364258,100.0
C_hybrid,316,19,0.12242789311797114,0.012077107813557543,0.0879108319885213,0.07105054322046488,0.10434120912239722,0.0055,0.1254279613494873,100.0
C_hybrid,1000,0,0.04001632954665064,0.008328570319152096,0.16931511442247316,0.13683600370107252,0.2011050698363886,0.137,0.27925992012023926,100.0
C_hybrid,1000,1,0.04947028258248421,0.008031103519017627,0.1706529846284001,0.13971717112210316,0.2044546952528052,0.135,0.20959806442260742,100.0
C_hybrid,1000,2,0.1325456004528543,0.016112797743281466,-0.010438778909305625,-0.030892774472844445,0.009395769947716856,1.0,0.19104361534118652,100.0
C_hybrid,1000,3,0.1167235901942009,0.0067175882468669505,0.17498585753801216,0.1476050523342738,0.20311441153905807,0.674,0.166395902633667,100.0
C_hybrid,1000,4,0.07747389941039325,0.008020686852350961,0.1615293113409827,0.1311629415621434,0.19177318578341862,0.1375,0.2715890407562256,100.0
C_hybrid,1000,5,0.14149263275939103,0.011256225986099943,0.06368997856234154,0.04180701811057711,0.08512824089786986,0.9235,0.18729019165039062,100.0
C_hybrid,1000,6,0.09482803286209193,0.016112797743281466,-0.007607373993320578,-0.028616450458874617,0.012791605632299878,1.0,0.1668400764465332,100.0
C_hybrid,1000,7,0.05126340311143968,0.011814196735339177,0.11246457679768372,0.08719754623497972,0.13825104989159984,0.0075,0.21550798416137695,100.0
C_hybrid,1000,8,0.26406301742444266,0.009059040790459471,0.1396879185622473,0.10882510131735307,0.17129647770911838,0.0395,0.23154091835021973,100.0
C_hybrid,1000,9,0.3519221163324974,0.017464540049930807,0.04637078324328903,0.031256480945352924,0.061666983414743935,0.0,0.2464280128479004,100.0
C_hybrid,1000,10,0.0863285093548167,0.010973336890155528,0.0193947150551368,-0.0010893091306095164,0.04073664831501972,1.0,0.18763208389282227,100.0
C_hybrid,1000,11,0.15824300615490575,0.016112797743281466,0.0015192165871794714,-0.019926115118319286,0.022409390149833498,1.0,0.17672204971313477,100.0
C_hybrid,1000,12,0.07931710642411852,0.016112797743281466,0.007480137827238678,-0.012966689513564535,0.027765536837791534,1.0,0.16182184219360352,100.0
C_hybrid,1000,13,0.4357468445228592,0.016112797743281466,-0.012767203392748372,-0.03400779400263858,0.007785258081476404,1.0,0.15699481964111328,100.0
C_hybrid,1000,14,0.0720056386880045,0.01236541328463361,0.13240482295659273,0.10258083275092851,0.16224058410006895,0.0195,0.19280004501342773,100.0
C_hybrid,1000,15,0.06350874556025402,0.02164775184658322,-0.004101612984937105,-0.024511704633308207,0.016822472072994792,1.0,0.19255495071411133,100.0
C_hybrid,1000,16,0.2798613961540816,0.016112797743281466,0.01043577051978528,-0.01086338144783883,0.031934276355767274,1.0,0.19210290908813477,100.0
C_hybrid,1000,17,0.30167302964973336,0.010833357813557445,0.11322386902598149,0.0866764774164228,0.1393704794832576,0.0085,0.2051258087158203,100.0
C_hybrid,1000,18,0.10015174870542992,0.010100024480224125,0.13385805674157616,0.10471283047872866,0.1646601791490398,0.0145,0.2821507453918457,100.0
C_hybrid,1000,19,0.12478985500865397,0.012454191146890876,0.08693910734947673,0.07001624402317028,0.10371818206908438,0.0045,0.2659339904785156,100.0
C_hybrid,3162,0,0.06364574056364203,0.008518868552472718,0.15722839175696032,0.12595634329381725,0.18948717053239897,0.117,0.9301440715789795,100.0
C_hybrid,3162,1,0.08754749949015422,0.008006103519017631,0.17210301068501946,0.13917672968164016,0.20430382744093578,0.1395,0.7129769325256348,100.0
C_hybrid,3162,2,0.0858341367466042,0.016112797743281466,-0.010438778909305625,-0.030892774472844445,0.009395769947716856,1.0,0.6033856868743896,100.0
C_hybrid,3162,3,0.07262837433119902,0.006428221029355099,0.16223473214490372,0.13352403486397427,0.18966624319969247,0.795,0.7200241088867188,100.0
C_hybrid,3162,4,0.1318518612502353,0.007770686852350936,0.1619649412712798,0.13171015471408212,0.1921824823315535,0.1375,0.9450979232788086,100.0
C_hybrid,3162,5,0.09910919597543107,0.009051160960646239,0.14077333950520005,0.1136001020224054,0.16722599484037376,0.1675,0.596358060836792,100.0
C_hybrid,3162,6,0.11574407176318582,0.016112797743281466,-0.007607373993320578,-0.028616450458874617,0.012791605632299878,1.0,0.576024055480957,100.0
C_hybrid,3162,7,0.076061923230373,0.011128821779424676,0.12532016836142962,0.09217565437889254,0.15820372462915389,0.0125,0.7896850109100342,100.0
C_hybrid,3162,8,0.1985063012097739,0.00885635291339145,0.14481241009924892,0.11406370478422544,0.1762768390672422,0.0395,0.8331480026245117,100.0
C_hybrid,3162,9,0.305599982784994,0.016895790049930776,0.052316681628468274,0.03756669841277879,0.06723549308700691,0.0,0.7915830612182617,100.0
C_hybrid,3162,10,0.03531945202829851,0.011854478973497033,-0.001657676658957854,-0.022040941538910418,0.019422846610564832,1.0,0.6153640747070312,100.0
C_hybrid,3162,11,0.11419003727563633,0.016112797743281466,0.0015192165871794714,-0.019926115118319286,0.022409390149833498,1.0,0.5247082710266113,100.0
C_hybrid,3162,12,0.12160791080026928,0.016112797743281466,0.007480137827238678,-0.012966689513564535,0.027765536837791534,1.0,0.5793631076812744,100.0
C_hybrid,3162,13,0.37945877892667595,0.016112797743281466,-0.012767203392748372,-0.03400779400263858,0.007785258081476404,1.0,0.5874631404876709,100.0
C_hybrid,3162,14,0.07912979024197515,0.008360768643664439,0.1429441263453556,0.11042706130991915,0.1751503462082304,0.0535,0.6662957668304443,100.0
C_hybrid,3162,15,0.08912040213495584,0.020395654492679504,0.011189562772242312,-0.004902135010017642,0.027824187123853625,0.0,0.6562581062316895,100.0
C_hybrid,3162,16,0.21717149043378142,0.016112797743281466,0.01043577051978528,-0.01086338144783883,0.031934276355767274,1.0,0.6445279121398926,100.0
C_hybrid,3162,17,0.25670458830202353,0.010827107813557444,0.11322386902598149,0.0866764774164228,0.1393704794832576,0.0085,0.7321600914001465,100.0
C_hybrid,3162,18,0.04336391903582241,0.010631274480224112,0.12424358955389699,0.09546066156548653,0.15479450102465014,0.01,0.9589028358459473,100.0
C_hybrid,3162,19,0.12393665893576293,0.011577107813557518,0.09309201138430566,0.06631166436729694,0.11955932257399525,0.0095,1.0149991512298584,100.0
C_hybrid,10000,0,0.07984563550233116,0.007912680935570043,0.17924093051817436,0.14821581522761415,0.20912560225928437,0.2105,2.7018420696258545,100.0
C_hybrid,10000,1,0.07689355625952483,0.007787148505174285,0.17626455720560877,0.1439218690106314,0.2070670825597191,0.2055,2.17668080329895,100.0
C_hybrid,10000,2,0.06820073127410167,0.016112797743281466,-0.010438778909305625,-0.030892774472844445,0.009395769947716856,1.0,1.6856157779693604,100.0
C_hybrid,10000,3,0.05689978721185834,0.0063920501767032725,0.16939089743045008,0.14014918179120794,0.19706686675738927,0.7905,2.176304817199707,100.0
C_hybrid,10000,4,0.10814664920830801,0.00713492835834209,0.17930619391114822,0.14892097670384594,0.20833000169201543,0.3785,2.6697068214416504,100.0
C_hybrid,10000,5,0.08488751678832905,0.00978380217070206,0.13632350513918143,0.10519199154304289,0.1654982952025263,0.0355,1.9120161533355713,100.0
C_hybrid,10000,6,0.09974299000075149,0.016112797743281466,-0.007607373993320578,-0.028616450458874617,0.012791605632299878,1.0,1.6401021480560303,100.0
C_hybrid,10000,7,0.08466280323312513,0.010890836110550146,0.1195532786829261,0.08635245930237655,0.15186651877911372,0.254,2.2551419734954834,100.0
C_hybrid,10000,8,0.11535897134030197,0.007839069033673526,0.16382837230837138,0.1307471757894688,0.197600862339467,0.1095,2.3720850944519043,100.0
C_hybrid,10000,9,0.24695597376434666,0.017584831342772358,0.04520341746197025,0.0299366738756902,0.060657410228888764,0.0,2.4236268997192383,100.0
C_hybrid,10000,10,0.08436060035075317,0.01541114420693166,-0.001657676658957854,-0.022040941538910418,0.019422846610564832,1.0,1.7646458148956299,100.0
C_hybrid,10000,11,0.10096696806991991,0.016112797743281466,0.0015192165871794714,-0.019926115118319286,0.022409390149833498,1.0,1.573385238647461,100.0
C_hybrid,10000,12,0.1538960639728243,0.016112797743281466,0.007480137827238678,-0.012966689513564535,0.027765536837791534,1.0,1.641268014907837,100.0
C_hybrid,10000,13,0.3058184378774877,0.016112797743281466,-0.012767203392748372,-0.03400779400263858,0.007785258081476404,1.0,1.6475307941436768,100.0
C_hybrid,10000,14,0.07135228378454962,0.008671208215570847,0.1369220291394796,0.10531054052116595,0.16816573759374912,0.0365,1.979353904724121,100.0
C_hybrid,10000,15,0.10342583196809518,0.022927981774102157,-0.004101612984937105,-0.024511704633308207,0.016822472072994792,1.0,2.011904001235962,100.0
C_hybrid,10000,16,0.13751196176328398,0.016112797743281466,0.01043577051978528,-0.01086338144783883,0.031934276355767274,1.0,1.7637403011322021,100.0
C_hybrid,10000,17,0.2014360435954639,0.010827107813557444,0.11322386902598149,0.0866764774164228,0.1393704794832576,0.0085,2.0942063331604004,100.0
C_hybrid,10000,18,0.06741182665000145,0.010827107813557444,0.1229803895312988,0.09623069679367545,0.15105170060191833,0.009,3.1146841049194336,100.0
C_hybrid,10000,19,0.11941743666842745,0.010768852913391379,0.11195710469872447,0.0825753335264641,0.1421303445851254,0.0195,2.8164169788360596,100.0
C_hybrid,31623,0,0.0624657895026069,0.008049454058989327,0.17466382054686602,0.14345288992471464,0.2047522134670034,0.18,8.475003242492676,100.0
C_hybrid,31623,1,0.07000231159238281,0.0071661783583420865,0.1859893156196147,0.15382589880258607,0.21836169416214854,0.346,7.430109977722168,100.0
C_hybrid,31623,2,0.0972380247156943,0.016112797743281466,-0.010438778909305625,-0.030892774472844445,0.009395769947716856,1.0,5.080934047698975,100.0
C_hybrid,31623,3,0.06121848885873754,0.006560005978844465,0.16359873296943345,0.13580713440917896,0.19019526586558072,0.867,7.512872934341431,100.0
C_hybrid,31623,4,0.10213619577821001,0.007145345025008757,0.17930494391114823,0.14892094545384593,0.20832997044201543,0.3785,8.348912954330444,100.0
C_hybrid,31623,5,0.07790671192205798,0.008861964178343515,0.1424679978343051,0.1095841934910518,0.17454831443612823,0.042,7.039509057998657,100.0
C_hybrid,31623,6,0.0983359219337113,0.014749838251319855,-0.007607373993320578,-0.028616450458874617,0.012791605632299878,1.0,5.604629039764404,100.0
C_hybrid,31623,7,0.07123822590350634,0.011514311007018241,0.1166374575812493,0.08355664578122537,0.14879829747955328,0.007,7.7602009773254395,100.0
C_hybrid,31623,8,0.05491107368401323,0.007226936852350924,0.1732403596661179,0.14055726603015628,0.20617975661925866,0.1415,7.6558518409729,100.0
C_hybrid,31623,9,0.14267585148330064,0.01555045501343203,0.06324553613015765,0.04923541748211112,0.07770925051577844,0.0,7.416154861450195,100.0
C_hybrid,31623,10,0.13153337748378124,0.012549069189531624,-0.001657676658957854,-0.022040941538910418,0.019422846610564832,1.0,5.721257925033569,100.0
C_hybrid,31623,11,0.11786035173068689,0.016112797743281466,0.0015192165871794714,-0.019926115118319286,0.022409390149833498,1.0,4.9692301750183105,100.0
C_hybrid,31623,12,0.1314472720263081,0.016112797743281466,0.007480137827238678,-0.012966689513564535,0.027765536837791534,1.0,4.881895065307617,100.0
C_hybrid,31623,13,0.1728011606325641,0.01581279774328146,-0.0004315885792204028,-0.021378714635387028,0.020188240005424272,1.0,5.591664791107178,100.0
C_hybrid,31623,14,0.0674176459533831,0.008778449732352795,0.13359096316464503,0.10173823712998631,0.1647264909710238,0.032,7.008433103561401,100.0
C_hybrid,31623,15,0.08275247463113027,0.019049039608109736,0.011868802761377225,-0.004178945908516215,0.02846654395153763,0.0,6.806172847747803,100.0
C_hybrid,31623,16,0.08755233651025596,0.016112797743281466,0.01043577051978528,-0.01086338144783883,0.031934276355767274,1.0,5.327038049697876,100.0
C_hybrid,31623,17,0.12655571904144367,0.013156731433843686,0.10017708886356098,0.06988693735682396,0.13055248622723417,0.287,6.782727956771851,100.0
C_hybrid,31623,18,0.09144719060980429,0.009270936246724752,0.1470302005213125,0.11442402932908351,0.17904585310946425,0.0325,10.51173186302185,100.0
C_hybrid,31623,19,0.11213840059452021,0.011725024480224189,0.09081294967064547,0.06394064793058345,0.11710586907061238,0.009,9.154183387756348,100.0
C_hybrid,100000,0,0.06858358649806356,0.011054097822369512,0.11903192903409995,0.08465995883863905,0.15153416281286824,0.0105,29.232590913772583,100.0
C_hybrid,100000,1,0.06857954807566585,0.0068332035792363875,0.18756511745787519,0.15649977830496622,0.21869614967921938,0.4915,25.43643808364868,100.0
C_hybrid,100000,2,0.07598376815081266,0.010708357813557454,0.10747475147718907,0.07942841188906755,0.13527667256325415,0.013,18.405811071395874,100.0
C_hybrid,100000,3,0.069292646481556,0.006501788023156566,0.18205222928441078,0.15357839280796257,0.2107473461410686,0.744,25.822270154953003,100.0
C_hybrid,100000,4,0.10052508931358545,0.0062974283583420824,0.18613343838967128,0.1570269347698044,0.2133007177890054,0.425,27.340878009796143,100.0
C_hybrid,100000,5,0.0746333910470962,0.007579344641156044,0.16092744950850632,0.1286970536320866,0.19413667379088742,0.1425,25.28895592689514,100.0
C_hybrid,100000,6,0.08212195068484739,0.010461064139312368,0.1312133777877962,0.10020185952680331,0.1630433159306528,0.026,21.369190216064453,100.0
C_hybrid,100000,7,0.06973083010716731,0.010477960136468368,0.1284375735277617,0.09686678218648223,0.16082489337011996,0.022,26.724154710769653,100.0
C_hybrid,100000,8,0.06967138325480209,0.007679020185684285,0.166973916100508,0.1352797760762663,0.200665777362052,0.138,27.307081937789917,100.0
C_hybrid,100000,9,0.06837665385017785,0.012769866559865865,0.09430998961383859,0.07421834487724092,0.11437507599879554,0.002,24.006102085113525,100.0
C_hybrid,100000,10,0.11331990999717348,0.006580452554130618,0.18843598441203752,0.15902033771859395,0.21684656413038894,0.5125,19.756287813186646,100.0
C_hybrid,100000,11,0.0912292396631866,0.010209127517227402,0.11524181771508955,0.08595354445094885,0.144318475174958,0.011,19.107792139053345,100.0
C_hybrid,100000,12,0.09932377815337051,0.007053975440556373,0.16832944987859463,0.13774657205660595,0.19910230120967942,0.3335,18.440507173538208,100.0
C_hybrid,100000,13,0.067294620480498,0.007663460804832345,0.16220140064271227,0.13345392804373815,0.19135217562840662,0.312,19.582622051239014,100.0
C_hybrid,100000,14,0.0722642909664589,0.006351780214262175,0.18364692656842113,0.1523937548452953,0.2144426908483262,0.288,24.206858158111572,100.0
C_hybrid,100000,15,0.07747070418362098,0.016440697110309113,0.036402980746378856,0.021203917619429014,0.05196687321220036,0.0,23.557570219039917,100.0
C_hybrid,100000,16,0.0892670870398293,0.016112797743281466,0.01043577051978528,-0.01086338144783883,0.031934276355767274,1.0,16.364035844802856,100.0
C_hybrid,100000,17,0.09649167705006884,0.011431274480224133,0.1020699195161013,0.08015272401875288,0.12427912189499132,0.0065,22.250731945037842,100.0
C_hybrid,100000,18,0.07341785453270397,0.009268852913391419,0.14694980502670046,0.11466093798475767,0.17893966166207106,0.0335,32.360652923583984,100.0
C_hybrid,100000,19,0.1012165110465406,0.010054269580058057,0.12311957578836177,0.09001063367221418,0.15686494527350475,0.0335,28.467286109924316,100.0
D_plugin,100,0,0.007782197777810215,0.004280773453786846,0.19575862739307465,0.16515145402661005,0.22435896447940912,0.3265,0.5400760173797607,67.82026505035793
D_plugin,100,1,0.0034741220104008127,0.001517668742487522,0.19960180596333726,0.17122599338886665,0.22709263130763493,0.7435,0.12159895896911621,115.39033888354392
D_plugin,100,2,0.02346332481246,0.004003869357119951,0.18410417650783678,0.15595835891731577,0.21391207694363298,0.326,0.11259078979492188,96.4911338012078
D_plugin,100,3,0.006776513177569296,0.0025187001726320176,0.17500713738441312,0.14677225210432845,0.20226333358878854,0.8455,0.13300085067749023,137.09281326876368
D_plugin,100,4,0.02059886806366898,0.007951688015448526,0.18347497889026668,0.15497865769240185,0.21243640350962695,0.13,0.14526605606079102,59.964874693312574
D_plugin,100,5,0.008589870126374488,0.0012892388274253338,0.19888086601096758,0.16831473540671074,0.22855024030520546,0.5405,0.11198806762695312,103.29293606501868
D_plugin,100,6,0.023471120663046935,0.004322496495870429,0.19082048089102518,0.16322831957148182,0.21730207685071787,0.8845,0.04171180725097656,103.99918462707734
D_plugin,100,7,0.01349937709369661,0.0026161936376449977,0.18445485864905029,0.1577210670880421,0.212854082287545,0.8105,0.03765296936035156,102.30049173136064
D_plugin,100,8,0.009442770599288431,0.002699695920010836,0.18617043685547568,0.15978704751838002,0.21396049633470654,0.837,0.033055782318115234,116.74690344933667
D_plugin,100,9,0.013933263487856172,0.0023681699924864865,0.18876176143723472,0.15895737439045657,0.21838900994242005,0.467,0.03562617301940918,99.32253900483171
D_plugin,100,10,0.006800511376189972,0.0008019384750293815,0.1979713063840399,0.16816455879439868,0.22799235383994745,0.6325,0.16872906684875488,113.54762648987906
D_plugin,100,11,0.0019919098131314316,0.0005165041749037361,0.19478863038909622,0.16662402319389993,0.22198322341299545,0.6235,0.1426692008972168,97.02078309755433
D_plugin,100,12,0.012236793702826907,0.0020236679508953605,0.19687392982260082,0.16788955715257914,0.2269662378779566,0.4975,0.11225390434265137,100.49710168944674
D_plugin,100,13,0.011912328780470407,0.005632116153113853,0.18273680974815912,0.1535244855511548,0.21285400822399153,0.2475,0.11508393287658691,57.74853631560056
D_plugin,100,14,0.009363882038841267,0.002708929252858103,0.19307420636548944,0.1668788244730254,0.220459589330356,0.829,0.03690528869628906,117.22541601617787
D_plugin,100,15,0.010898687498494613,0.003578961052971692,0.1828502020555246,0.15674611847009481,0.21040400971108683,0.891,0.04290890693664551,136.64853569185323
D_plugin,100,16,0.01904614746571277,0.005137538495470889,0.18892539272854553,0.1583552616542249,0.22017704238678384,0.263,0.03361010551452637,78.07493244565501
D_plugin,100,17,0.005089570210028512,0.002552232751416883,0.19533402452830023,0.16716177970019774,0.22498501515836086,0.47,0.03812408447265625,81.48390926186627
D_plugin,100,18,0.013072501770781578,0.004220686504130394,0.19334286256469801,0.16287494721320075,0.2232514671838945,0.3155,0.03932023048400879,78.21415068496044
D_plugin,100,19,0.005899758468538733,0.0014287539466609337,0.2022479687766015,0.17288568754372055,0.2292955981695686,0.5525,0.03938889503479004,96.66589488373388
D_plugin,316,0,0.007782197777810215,0.004280773453786846,0.19575862739307465,0.16515145402661005,0.22435896447940912,0.3265,0.03667402267456055,67.82026505035793
D_plugin,316,1,0.0034741220104008127,0.001517668742487522,0.19960180596333726,0.17122599338886665,0.22709263130763493,0.7435,0.13492894172668457,115.39033888354392
D_plugin,316,2,0.02346332481246,0.004003869357119951,0.18410417650783678,0.15595835891731577,0.21391207694363298,0.326,0.032377004623413086,96.4911338012078
D_plugin,316,3,0.006776513177569296,0.0025187001726320176,0.17500713738441312,0.14677225210432845,0.20226333358878854,0.8455,0.03912091255187988,137.09281326876368
D_plugin,316,4,0.02059886806366898,0.007951688015448526,0.18347497889026668,0.15497865769240185,0.21243640350962695,0.13,0.04683518409729004,59.964874693312574
D_plugin,316,5,0.008589870126374488,0.0012892388274253338,0.19888086601096758,0.16831473540671074,0.22855024030520546,0.5405,0.13959813117980957,103.29293606501868
D_plugin,316,6,0.023471120663046935,0.004322496495870429,0.19082048089102518,0.16322831957148182,0.21730207685071787,0.8845,0.03541302680969238,103.99918462707734
D_plugin,316,7,0.01349937709369661,0.0026161936376449977,0.18445485864905029,0.1577210670880421,0.212854082287545,0.8105,0.032817840576171875,102.30049173136064
D_plugin,316,8,0.009442770599288431,0.002699695920010836,0.18617043685547568,0.15978704751838002,0.21396049633470654,0.837,0.038295745849609375,116.74690344933667
D_plugin,316,9,0.013933263487856172,0.0023681699924864865,0.18876176143723472,0.15895737439045657,0.21838900994242005,0.467,0.04157423973083496,99.32253900483171
D_plugin,316,10,0.006800511376189972,0.0008019384750293815,0.1979713063840399,0.16816455879439868,0.22799235383994745,0.6325,0.03700995445251465,113.54762648987906
D_plugin,316,11,0.0019919098131314316,0.0005165041749037361,0.19478863038909622,0.16662402319389993,0.22198322341299545,0.6235,0.03696918487548828,97.02078309755433
D_plugin,316,12,0.012236793702826907,0.0020236679508953605,0.19687392982260082,0.16788955715257914,0.2269662378779566,0.4975,0.03681588172912598,100.49710168944674
D_plugin,316,13,0.011912328780470407,0.005632116153113853,0.18273680974815912,0.1535244855511548,0.21285400822399153,0.2475,0.038365840911865234,57.74853631560056
D_plugin,316,14,0.009363882038841267,0.002708929252858103,0.19307420636548944,0.1668788244730254,0.220459589330356,0.829,0.039971113204956055,117.22541601617787
D_plugin,316,15,0.010898687498494613,0.003578961052971692,0.1828502020555246,0.15674611847009481,0.21040400971108683,0.891,0.044122934341430664,136.64853569185323
D_plugin,316,16,0.01904614746571277,0.005137538495470889,0.18892539272854553,0.1583552616542249,0.22017704238678384,0.263,0.037593841552734375,78.07493244565501
D_plugin,316,17,0.005089570210028512,0.002552232751416883,0.19533402452830023,0.16716177970019774,0.22498501515836086,0.47,0.042513370513916016,81.48390926186627
D_plugin,316,18,0.013072501770781578,0.004220686504130394,0.19334286256469801,0.16287494721320075,0.2232514671838945,0.3155,0.03555107116699219,78.21415068496044
D_plugin,316,19,0.005899758468538733,0.0014287539466609337,0.2022479687766015,0.17288568754372055,0.2292955981695686,0.5525,0.037737131118774414,96.66589488373388
D_plugin,1000,0,0.013695280805485922,0.007673779168161328,0.1866070492700287,0.15523374992399594,0.21602336534297595,0.1325,0.03746676445007324,55.20971439934825
D_plugin,1000,1,0.0027918849929762023,0.0012780469906595723,0.19991281288687782,0.17328392444505136,0.22723991931082668,0.731,0.052034854888916016,113.74442841842317
D_plugin,1000,2,0.01810912537710401,0.0030082832245911426,0.1926400616595228,0.1612563408451767,0.22097863623578498,0.384,0.03225111961364746,99.003123423314
D_plugin,1000,3,0.007956784227827666,0.0027570003345143354,0.18379953736734822,0.1554520337316328,0.211582478863025,0.851,0.04006695747375488,126.32990379997128
D_plugin,1000,4,0.0147848349716618,0.00607206421807692,0.17895363783577,0.1501951648513831,0.20629915640893937,0.211,0.03805398941040039,65.7592431739226
D_plugin,1000,5,0.003568661546352374,0.0007608210361215533,0.19711902067895834,0.16921921072109933,0.22564204220456638,0.593,0.0353240966796875,100.78078434539825
D_plugin,1000,6,0.024023557204690082,0.003783506490631496,0.19169684781992952,0.16537106792169054,0.2180508499261522,0.8415,0.04389190673828125,93.3949922403561
D_plugin,1000,7,0.011736852879971643,0.002589391747229404,0.17432685892830813,0.1471423816289794,0.204910804489174,0.81,0.03898978233337402,106.72959763717564
D_plugin,1000,8,0.00612338482039759,0.0019001329617160804,0.17775420084545684,0.14975946718873573,0.20447064077183608,0.7665,0.05041193962097168,111.08431433043746
D_plugin,1000,9,0.0071506639699852785,0.0013031081454183972,0.18279882684457124,0.1538524025522855,0.21019095608849694,0.5755,0.04015374183654785,100.27340541474561
D_plugin,1000,10,0.011539402412276167,0.0024051826457276372,0.2005935797730335,0.1705971672700392,0.2311271026413326,0.449,0.04264402389526367,94.63059092829083
D_plugin,1000,11,0.005847235566314042,0.0013685287727221278,0.18610861002221482,0.15693393924283977,0.2142469418066115,0.7095,0.04023599624633789,101.8568398966723
D_plugin,1000,12,0.008142147293984759,0.0021342427090131726,0.19032550164619186,0.1628650921986605,0.21848226426938158,0.4795,0.03823590278625488,92.09394554846149
D_plugin,1000,13,0.009735066190211313,0.005216089836296606,0.1881543103784385,0.1595622664503764,0.21671102114435173,0.27,0.03943181037902832,61.13354890817898
D_plugin,1000,14,0.010832152808036672,0.0027240986753639946,0.18472819071766,0.1561259878938743,0.21321989078013678,0.824,0.03412485122680664,112.22462187066496
D_plugin,1000,15,0.01148854293859216,0.003615413507126757,0.1814726061203562,0.15404145594573782,0.2096255623738953,0.8875,0.03492307662963867,133.6925471738614
D_plugin,1000,16,0.011259217922086034,0.003831844072762695,0.19131132902140235,0.16303569107685645,0.22178526608394838,0.337,0.03757071495056152,79.18490722694983
D_plugin,1000,17,0.0071484038821999826,0.003026655359041418,0.1926743370441487,0.16502171385528747,0.22016186617080402,0.415,0.03673195838928223,80.59602993831842
D_plugin,1000,18,0.00851242135235425,0.0024899214564243544,0.19718327488883763,0.1669005442789743,0.22734137619753597,0.448,0.0395200252532959,88.70630255554391
D_plugin,1000,19,0.005296128121529271,0.0018933597775458862,0.200450535894013,0.17275364663575887,0.22976384806766809,0.512,0.03152918815612793,90.01630733500953
D_plugin,3162,0,0.007760653848942998,0.0032859119357576084,0.19917085419302655,0.16871517988934634,0.22815250751871863,0.4075,0.047708988189697266,79.02711417553701
D_plugin,3162,1,0.0012190653451689668,0.0003943108770727368,0.19991422257733663,0.17049636416879607,0.22789331772270213,0.639,0.04559803009033203,101.8179466202959
D_plugin,3162,2,0.0037238387012321432,0.0007126838565039833,0.18719870940547387,0.1578342769895649,0.21454602179413318,0.674,0.038609981536865234,111.16331080718321
D_plugin,3162,3,0.004784760005652881,0.001362123689781768,0.18937428249444854,0.16064574003486023,0.21795722799167583,0.733,0.04210495948791504,123.0920620501519
D_plugin,3162,4,0.010037629395523242,0.004314113339482084,0.18874877513776844,0.16112739831263917,0.21571423756715657,0.3005,0.03596806526184082,73.10243234043817
D_plugin,3162,5,0.003257999034391936,0.001336197527877528,0.1960103474831678,0.16857166908768137,0.22350586521902002,0.719,0.04009819030761719,109.81951350244647
D_plugin,3162,6,0.010792281619115258,0.002204112317374741,0.19306197297814662,0.16494629592708607,0.22162884756828002,0.7865,0.054286956787109375,102.63683118210268
D_plugin,3162,7,0.005997552034387212,0.0014975485743707398,0.19729046883924709,0.1706181755416651,0.2249821400355366,0.7495,0.04447579383850098,103.60431376410091
D_plugin,3162,8,0.008106148032154231,0.0018190369266249228,0.18972750220210854,0.1616375002492495,0.21810398024781044,0.746,0.03921222686767578,103.4302125023036
D_plugin,3162,9,0.005174543567069212,0.0019150612584962904,0.17392572564732933,0.14559000218915188,0.202791731117639,0.7895,0.044764041900634766,115.89543561353597
D_plugin,3162,10,0.006820463623654491,0.0021911336296253675,0.204040475695257,0.1751557541694929,0.23214281185667324,0.4515,0.041751861572265625,89.23891421148313
D_plugin,3162,11,0.002022672627682289,0.0006707203867132252,0.1907802503123602,0.1618002541139774,0.21811571983603406,0.5945,0.054927825927734375,99.18279001488833
D_plugin,3162,12,0.007209091871783129,0.0008206285422030039,0.19607069911821726,0.16652638335267927,0.22540362346210688,0.6115,0.04392123222351074,108.13185171919419
D_plugin,3162,13,0.006972547771953246,0.0026304307557109595,0.18775724669368649,0.15862033588140456,0.21579195607925364,0.4495,0.04069709777832031,84.58599901380839
D_plugin,3162,14,0.0076242394988553395,0.001764355363972081,0.18775001987347764,0.15963396925538265,0.21524352021850443,0.7625,0.04378080368041992,103.79832097983765
D_plugin,3162,15,0.008573303270668844,0.002237108176856344,0.18872567988295022,0.1617995577172166,0.21601239348058365,0.787,0.05161285400390625,109.68530832259685
D_plugin,3162,16,0.005681140915664818,0.0015155432279472252,0.19430596620019872,0.16404912940441344,0.22439776411265713,0.5495,0.04574179649353027,95.22915656133614
D_plugin,3162,17,0.0020999458035559915,0.0010229753928040505,0.19796794297990059,0.16815392497887946,0.22563659292106628,0.594,0.04288887977600098,94.65134914028114
D_plugin,3162,18,0.0032973304380780138,0.001759675230775621,0.19406269533911788,0.16351805956610405,0.22367814308504572,0.528,0.04169297218322754,86.98794001113977
D_plugin,3162,19,0.0009435132045786442,0.0006492200272769256,0.19696364623152463,0.16953858467119834,0.22422005833186498,0.665,0.06413793563842773,103.73605291851116
D_plugin,10000,0,0.0024370369759193844,0.0005918289741684035,0.19729019878831844,0.17038873641990315,0.22481359388740527,0.6695,0.07300209999084473,98.31383435253582
D_plugin,10000,1,0.002100060714296765,0.0010568075887875201,0.20693212652144796,0.17844049241400403,0.23690518197130264,0.7115,0.053379058837890625,109.42718916029284
D_plugin,10000,2,0.0022840448107311513,0.0005744781798078266,0.18603250663158907,0.15766904571483525,0.2151271683622765,0.6575,0.05761599540710449,107.03320379384832
D_plugin,10000,3,0.004990756904757075,0.0008386071745817632,0.19002580514402276,0.16107279591076865,0.21976677684562576,0.5955,0.06506109237670898,102.36819028268978
D_plugin,10000,4,0.004045185692677375,0.0012378068665672179,0.18542137443680765,0.15829134581348925,0.21273897558808258,0.565,0.0575709342956543,95.70881362105739
D_plugin,10000,5,0.0009322973452962116,0.0004033297480798671,0.19602895034350623,0.16796303311137353,0.22641488200532386,0.633,0.05785393714904785,102.37393862641893
D_plugin,10000,6,0.006985632792108922,0.0018175658503023658,0.19691838300180614,0.17033575750049704,0.22537275753246425,0.762,0.06840395927429199,106.50073631425394
D_plugin,10000,7,0.001326162341758803,0.0008830052610557397,0.18915422202441887,0.15945703699933172,0.21898995399103593,0.601,0.0590360164642334,94.48608375438283
D_plugin,10000,8,0.004382840316145404,0.0012554098994466633,0.1861520306262604,0.157820223516323,0.21496691494117423,0.706,0.06071591377258301,103.90927340506192
D_plugin,10000,9,0.0026398419314124194,0.0009246498697110805,0.19109094922657185,0.1633246451061735,0.21907281583902405,0.7165,0.05721020698547363,112.33951957694504
D_plugin,10000,10,0.003309110318447738,0.0013379994738168862,0.18864980506474477,0.16149272450015517,0.21674343457574535,0.7275,0.05962800979614258,109.55723427231379
D_plugin,10000,11,0.0010781262629494814,0.00046139882774667103,0.18594008704760479,0.159326784299865,0.21344674569031583,0.627,0.05905294418334961,100.10797675183812
D_plugin,10000,12,0.0056609678213263934,0.0015730100709308477,0.19321776241620767,0.16388007539240343,0.22213796621010337,0.533,0.053205013275146484,94.43062239709329
D_plugin,10000,13,0.0025429077813579975,0.001433000041711578,0.18497874943934708,0.15606906293877185,0.2134534793496379,0.5505,0.0627129077911377,89.48647720796626
D_plugin,10000,14,0.003153900343890386,0.000995631115475319,0.19145022261892697,0.16310173145638196,0.21897060619871356,0.715,0.06591987609863281,102.82382426606776
D_plugin,10000,15,0.003943565397312431,0.0007257158905570382,0.18622788878266186,0.15904954246695086,0.2149577669493904,0.664,0.060884952545166016,96.30960770329106
D_plugin,10000,16,0.0010657864571754108,0.0004709707901865744,0.19533619673276528,0.16504291346930977,0.22516223320560066,0.6785,0.06360387802124023,103.68646927728648
D_plugin,10000,17,0.0041880551278641025,0.0011074516491477904,0.20160882791372015,0.17181484522603066,0.2299194588524443,0.5755,0.06095004081726074,97.56093388549509
D_plugin,10000,18,0.0033040038043294475,0.0012901153572468889,0.19529162655763233,0.16619314823723122,0.22335723581670242,0.5615,0.0697791576385498,93.67229245106843
D_plugin,10000,19,0.0017701054635826578,0.0008489995373283536,0.19233808769666996,0.16439917359796125,0.2204530463812929,0.7005,0.08242321014404297,108.9173581937893
D_plugin,31623,0,0.0016415128301954219,0.000619674548893578,0.19499804703251947,0.16644477699708268,0.22315176874645176,0.674,0.11609888076782227,100.63125954811032
D_plugin,31623,1,0.002022779488042303,0.0007291768264363287,0.21279957383826903,0.18459009782695704,0.24273662955036057,0.675,0.11228489875793457,101.38432798907337
D_plugin,31623,2,0.0012326062945868586,0.000594051548828361,0.1845530607624606,0.1575415871812467,0.21249923320225253,0.6735,0.10685205459594727,105.51425834251607
D_plugin,31623,3,0.001706418151286414,0.0009756741380634111,0.19318177247509857,0.16551859245395795,0.22217098407807456,0.58,0.12197017669677734,94.38074562262513
D_plugin,31623,4,0.00175173464292146,0.0007270432254194291,0.18792669734819148,0.1591019773235404,0.21591338697031198,0.6115,0.1255950927734375,97.93035178775462
D_plugin,31623,5,0.002113891321465676,0.0005708707357521683,0.19349597539790717,0.16396015231902084,0.2235137902731417,0.604,0.13541507720947266,100.56330195082685
D_plugin,31623,6,0.000872822108786926,0.0005042317127345323,0.20164053388496872,0.17320223732570914,0.22688119178002322,0.6605,0.11485123634338379,100.80906189312128
D_plugin,31623,7,0.001371700910115987,0.0004801931645563131,0.20028536962206225,0.17327896708040916,0.2298918132945619,0.628,0.11958599090576172,99.10586347648491
D_plugin,31623,8,0.0017470534810086593,0.000680842883971372,0.1998473461806934,0.17139667139011724,0.22867264911333812,0.6575,0.12732601165771484,101.34400230753064
D_plugin,31623,9,0.0027668479447805045,0.0006578706350901565,0.17404664143299992,0.14669639579084562,0.20133963916747016,0.625,0.12419986724853516,100.65559638107274
D_plugin,31623,10,0.0013498556073934932,0.0007788603809414136,0.1962231608796968,0.16849458233440667,0.22273434503273992,0.66,0.11755204200744629,104.79971836248906
D_plugin,31623,11,0.0030407371353090005,0.0008874241425997535,0.19097497543700875,0.16220140723899118,0.21917737448367974,0.5715,0.10384416580200195,98.30980121910648
D_plugin,31623,12,0.0010140855906285416,0.00043425374107106156,0.19664656789941415,0.16908301644406565,0.223674788998929,0.645,0.12131094932556152,98.00491518829264
D_plugin,31623,13,0.0007657278785001835,0.00039391034765763096,0.18772475954754844,0.1589150525183868,0.21618132949929797,0.6635,0.11340689659118652,98.99608648029074
D_plugin,31623,14,0.0038085841365308026,0.0010360454428041174,0.19153615028545787,0.16280442860368946,0.21969455186736392,0.704,0.11814498901367188,101.7825146960028
D_plugin,31623,15,0.0023955194677808024,0.0008060163879395186,0.1859285319431211,0.16031971583326576,0.21338197568683537,0.6805,0.11544084548950195,101.69012836644464
D_plugin,31623,16,0.002853903409553904,0.0010063189096777851,0.20268375605286645,0.17602682317434468,0.23207044616974895,0.716,0.12220406532287598,103.91130506493643
D_plugin,31623,17,0.002254348196803436,0.000465422509801128,0.2029705313545855,0.17435437478340102,0.2311748273864823,0.6375,0.11691498756408691,102.54401186807125
D_plugin,31623,18,0.002694606932010517,0.0009278916668410738,0.19256133174028323,0.1618825742599596,0.22116875734813105,0.589,0.1107330322265625,97.13313737219069
D_plugin,31623,19,0.001723431914719669,0.0007935825793890985,0.19860896864553143,0.1717533490223264,0.2269632898079496,0.5895,0.12180304527282715,97.06178073618737
D_plugin,100000,0,0.0008653601722873183,0.0006219613967470762,0.19829675212699666,0.16803469495745843,0.22774122339140865,0.675,0.3008551597595215,103.47772279243053
D_plugin,100000,1,0.0009510921241933414,0.000563850295524985,0.20248172158794234,0.17461909363256808,0.2313136347947199,0.6585,0.2984890937805176,101.54645792306535
D_plugin,100000,2,0.0008942027258730155,0.0006374135382135028,0.18614498918665254,0.1574397303398004,0.21481454396364136,0.6715,0.294694185256958,103.7961864955555
D_plugin,100000,3,0.0006508124204479402,0.00046924820747457,0.19230694582055688,0.16328650637642608,0.2204286562810414,0.6315,0.29791736602783203,97.6468981410171
D_plugin,100000,4,0.0004089428699020766,0.0003480372594301683,0.18703377448330896,0.1584874789652594,0.21367106802657,0.6525,0.28318190574645996,100.87307503906696
D_plugin,100000,5,0.0003862056992556017,0.0004362324214667213,0.1997888572476084,0.1711337465103671,0.2299381045380662,0.6185,0.2841072082519531,98.33335178748933
D_plugin,100000,6,0.0018392731497052141,0.0008479974978122958,0.19805094325656042,0.17101189297083688,0.22520262001587502,0.6845,0.2871990203857422,104.11314182287856
D_plugin,100000,7,0.00010751539122838299,0.00033829648329077055,0.19101121913422728,0.16395892950049967,0.22108077230101744,0.611,0.28395891189575195,99.60067271458182
D_plugin,100000,8,0.0014803643900497719,0.0007650725652452428,0.1906025478597193,0.1622246662390548,0.21918950670360396,0.6685,0.29377293586730957,103.77576233819273
D_plugin,100000,9,0.0005795989947496634,0.0005282315015964907,0.185027595754317,0.1583432388941009,0.21371543021187442,0.6765,0.2830960750579834,102.6686403231374
D_plugin,100000,10,0.0005606245885890087,0.0004997799785097721,0.2024831772610125,0.17356538020357476,0.23151554181214115,0.639,0.2899911403656006,101.72457617677716
D_plugin,100000,11,0.0005022415151858553,0.0004782197658863312,0.19367922742724647,0.16499753293451852,0.22252667148532773,0.6405,0.30838465690612793,101.50784195133573
D_plugin,100000,12,0.0010289950070300434,0.0005722140353641448,0.1949843836208648,0.1671104878228975,0.22380341041285395,0.6635,0.3549199104309082,101.48409062729309
D_plugin,100000,13,0.0010702888619121933,0.000501574387250844,0.17598442932856148,0.1491627241746651,0.2037592059281057,0.6315,0.26493000984191895,99.5446082197578
D_plugin,100000,14,0.0013581469800081417,0.0005415394005694195,0.19453235266440577,0.16526432530734866,0.22386488976326963,0.6565,0.31209897994995117,100.07818780837974
D_plugin,100000,15,0.0006260274629291064,0.000546178637252645,0.18825139047115416,0.16074853422838348,0.21750711201558331,0.658,0.29435110092163086,102.84264210458372
D_plugin,100000,16,0.0021677852449531135,0.0008389858989294019,0.18843022413537983,0.16000967304155286,0.21632099271885652,0.687,0.30808424949645996,102.9181914110238
D_plugin,100000,17,0.0006261324638019714,0.00036724503961347487,0.20389836888557533,0.17467603255559308,0.23238759721843183,0.6315,0.29135608673095703,100.48462789511798
D_plugin,100000,18,0.0018581724724434337,0.0005079866485647104,0.19459387998028357,0.16577070702571836,0.22243795536699568,0.6165,0.27470898628234863,100.9092304742749
D_plugin,100000,19,0.000626808484263555,0.0004288761241146386,0.2066042881112454,0.1786219406860583,0.23467237348556516,0.625,0.2922377586364746,99.74532574410983
